{"cameraMode":{"drawMode":0,"name":"Shaded","section":"Shading Mode"},"sceneLighting":false,"audioPlay":false,"sceneViewState":{"m_AlwaysRefresh":false,"showFog":true,"showSkybox":false,"showFlares":true,"showImageEffects":true,"showParticleSystems":true,"showVisualEffectGraphs":true,"m_FxEnabled":true},"in2DMode":false,"pivot":{"x":0.0001475885510444641,"y":0.04023025929927826,"z":-0.0004406161606311798},"rotation":{"x":-0.06680784374475479,"y":0.8955118060112,"z":-0.14388294517993928,"w":-0.41580477356910708},"size":0.08085476607084274,"orthographic":false}