{"cameraMode":{"drawMode":0,"name":"Shaded","section":"Shading Mode"},"sceneLighting":false,"audioPlay":false,"sceneViewState":{"m_AlwaysRefresh":false,"showFog":true,"showSkybox":false,"showFlares":true,"showImageEffects":true,"showParticleSystems":true,"showVisualEffectGraphs":true,"m_FxEnabled":true},"in2DMode":false,"pivot":{"x":-0.024656593799591066,"y":0.05906554311513901,"z":-0.0008882880210876465},"rotation":{"x":-0.07146083563566208,"y":0.8614479303359985,"z":-0.12650519609451295,"w":-0.4866185784339905},"size":0.1391325145959854,"orthographic":false}