{"cameraMode":{"drawMode":0,"name":"Shaded","section":"Shading Mode"},"sceneLighting":false,"audioPlay":false,"sceneViewState":{"m_AlwaysRefresh":false,"showFog":true,"showSkybox":false,"showFlares":true,"showImageEffects":true,"showParticleSystems":true,"showVisualEffectGraphs":true,"m_FxEnabled":true},"in2DMode":false,"pivot":{"x":-0.0005041137337684631,"y":0.020942015573382379,"z":-0.001145973801612854},"rotation":{"x":-0.07146083563566208,"y":0.8614479303359985,"z":-0.12650519609451295,"w":-0.4866185784339905},"size":0.1331411600112915,"orthographic":false}